"orderid","memberid","dates","type","details"
"O000000001","M000000002","2020-02-27","SEL","Television sign unit suffer century natural."
"O000000002","M000000032","2020-08-29","SEL","Now throw avoid small interest person move."
"O000000003","M000000013","2020-02-25","SEL","Possible civil wish candidate song."
"O000000004","M000000031","2020-05-13","SEL","Animal design strong."
"O000000005","M000000027","2020-04-20","SEL","Surface town agreement might rule bank."
"O000000006","M000000047","2020-05-06","SEL","Election choice spring treat beautiful support hospital smile environment."
"O000000007","M000000029","2020-11-29","PUR","Worry far style everything."
"O000000008","M000000040","2020-08-27","SEL","Home."
"O000000009","M000000038","2020-06-05","PUR","Crime."
"O000000010","M000000035","2020-07-13","PUR","Couple himself mouth world main player short similar."
"O000000011","M000000017","2020-04-14","PUR","Often far agency."
"O000000012","M000000014","2020-01-17","SEL","Free thus add east rise else dark."
"O000000013","M000000018","2020-03-29","SEL","Instead both both."
"O000000014","M000000009","2020-07-12","PUR","Son anything seek science ever outside write pay."
"O000000015","M000000018","2020-03-27","PUR","Keep into player own cup."
"O000000016","M000000026","2020-02-17","SEL","Over citizen film."
"O000000017","M000000029","2020-02-11","PUR","Create."
"O000000018","M000000034","2020-02-03","SEL","Television."
"O000000019","M000000031","2020-08-19","PUR","Eye there bar carry point road year."
"O000000020","M000000001","2020-05-10","PUR","Wife watch news improve kitchen style some leader."
"O000000021","M000000008","2020-01-17","PUR","Development."
"O000000022","M000000002","2020-01-08","SEL","Doctor into near."
"O000000023","M000000028","2020-07-02","SEL","Travel last week ball."
"O000000024","M000000034","2020-10-20","SEL","Can."
"O000000025","M000000038","2020-10-24","SEL","Industry personal maintain can recognize."
"O000000026","M000000015","2020-09-22","SEL","Reduce quite market watch live control."
"O000000027","M000000048","2020-03-13","SEL","Agreement study change policy be."
"O000000028","M000000034","2020-02-02","SEL","Around."
"O000000029","M000000030","2020-04-20","SEL","Girl force discuss under."
"O000000030","M000000039","2020-11-08","SEL","Necessary stay everyone find."
"O000000031","M000000027","2020-01-05","SEL","Someone already ahead."
"O000000032","M000000041","2020-06-02","PUR","Across over understand."
"O000000033","M000000001","2020-03-11","PUR","Ball write involve."
"O000000034","M000000033","2020-05-10","PUR","Million."
"O000000035","M000000036","2020-01-27","SEL","Possible room just him."
"O000000036","M000000020","2020-06-26","SEL","Young growth."
"O000000037","M000000011","2020-01-13","SEL","Decade determine best at."
"O000000038","M000000028","2020-01-22","SEL","Fight property consider see series degree."
"O000000039","M000000046","2020-07-02","SEL","Western number television share."
"O000000040","M000000017","2020-05-29","SEL","Challenge."
"O000000041","M000000029","2020-09-14","SEL","Stay behind increase always."
"O000000042","M000000041","2020-03-02","PUR","Will simple that."
"O000000043","M000000008","2020-07-07","PUR","Company measure audience heart run."
"O000000044","M000000018","2020-07-11","PUR","It truth raise almost identify develop."
"O000000045","M000000042","2020-04-01","PUR","Develop same share standard show house well."
"O000000046","M000000044","2020-07-08","SEL","Turn rule computer direction care value behind."
"O000000047","M000000031","2020-10-24","PUR","Rock."
"O000000048","M000000019","2020-06-07","SEL","Member positive certainly."
"O000000049","M000000032","2020-03-06","PUR","Teacher."
"O000000050","M000000009","2020-07-22","PUR","Fire."
"O000000051","M000000047","2020-02-12","SEL","Speak."
"O000000052","M000000043","2020-04-21","SEL","Rest course particularly."
"O000000053","M000000004","2020-09-19","PUR","Wind performance."
"O000000054","M000000014","2020-10-18","PUR","International majority effort growth relationship."
"O000000055","M000000007","2020-09-20","PUR","Close base."
"O000000056","M000000040","2020-01-24","SEL","Level wrong fast trial watch agree."
"O000000057","M000000014","2020-09-08","SEL","According."
"O000000058","M000000009","2020-10-25","SEL","Reduce fast."
"O000000059","M000000015","2020-02-22","PUR","Defense amount."
"O000000060","M000000001","2020-06-19","PUR","Check race from realize whose tree."
"O000000061","M000000031","2020-07-14","SEL","College attack civil draw look despite official morning."
"O000000062","M000000003","2020-02-25","PUR","Expect its society movie."
"O000000063","M000000013","2020-07-26","PUR","Young until performance maintain eight."
"O000000064","M000000015","2020-09-23","SEL","Positive become security field around here."
"O000000065","M000000027","2020-04-10","SEL","Exactly black no."
"O000000066","M000000020","2020-09-01","PUR","Science race process others line its there dinner let type."
"O000000067","M000000030","2020-02-18","SEL","Fish medical nation."
"O000000068","M000000005","2020-12-03","SEL","White shoulder race difficult management easy."
"O000000069","M000000040","2020-05-17","SEL","Production again never."
"O000000070","M000000022","2020-01-18","PUR","Even impact follow year college agent."
"O000000071","M000000045","2020-05-01","PUR","Religious national character point why."
"O000000072","M000000028","2020-05-27","SEL","Early."
"O000000073","M000000034","2020-12-02","PUR","May report."
"O000000074","M000000035","2020-03-06","SEL","Industry explain ground rock officer wear should."
"O000000075","M000000021","2020-12-02","SEL","Design which piece international action."
"O000000076","M000000016","2020-08-30","SEL","Popular card."
"O000000077","M000000018","2020-09-26","PUR","Environmental."
"O000000078","M000000027","2020-01-22","PUR","Method if."
"O000000079","M000000036","2020-01-19","PUR","Clear very training."
"O000000080","M000000009","2020-04-26","PUR","Notice writer catch want gun seat eat against."
"O000000081","M000000047","2020-09-10","SEL","Defense."
"O000000082","M000000021","2020-05-14","SEL","Career couple."
"O000000083","M000000030","2020-10-04","PUR","Not."
"O000000084","M000000026","2020-05-31","SEL","Guy become message agency protect measure pick."
"O000000085","M000000024","2020-11-21","SEL","Surface apply along whatever brother economy."
"O000000086","M000000017","2020-11-23","SEL","Party hit."
"O000000087","M000000005","2020-09-06","SEL","Financial individual."
"O000000088","M000000038","2020-06-08","PUR","Myself pull popular manager."
"O000000089","M000000025","2020-10-10","PUR","Commercial order wife add."
"O000000090","M000000008","2020-08-17","PUR","Order agreement music suggest."
"O000000091","M000000017","2020-11-05","SEL","Green all thing in around voice call."
"O000000092","M000000018","2020-05-25","SEL","Physical."
"O000000093","M000000010","2020-01-16","PUR","Test structure."
"O000000094","M000000045","2020-06-01","PUR","Century appear."
"O000000095","M000000031","2020-10-27","SEL","Its."
"O000000096","M000000037","2020-10-08","SEL","Benefit."
"O000000097","M000000031","2020-08-01","PUR","Top own final."
"O000000098","M000000027","2020-09-25","SEL","While type."
"O000000099","M000000009","2020-01-27","PUR","He court total trouble choice we step walk last owner open environmental."
"O000000100","M000000024","2020-08-14","SEL","Meet road detail environmental."
"O000000101","M000000015","2020-09-29","PUR","Fire itself beat western nearly per even peace rise four."
"O000000102","M000000030","2020-10-20","PUR","Difficult skin."
"O000000103","M000000005","2020-01-26","SEL","Purpose."
"O000000104","M000000004","2020-01-02","PUR","Nation election detail evening agreement blue."
"O000000105","M000000027","2020-10-02","PUR","Cut apply."
"O000000106","M000000013","2020-07-04","SEL","Will task life effect environmental."
"O000000107","M000000014","2020-09-13","PUR","Yet time gun deal."
"O000000108","M000000037","2020-05-18","PUR","Especially list ago animal green."
"O000000109","M000000010","2020-11-11","PUR","Serve million write."
"O000000110","M000000029","2020-03-13","PUR","Article music important explain risk this fear."
"O000000111","M000000009","2020-06-23","PUR","Play professional."
"O000000112","M000000021","2020-09-15","SEL","Example gun beautiful study attention."
"O000000113","M000000040","2020-04-07","PUR","Statement bit seek clearly threat bill rate budget."
"O000000114","M000000017","2020-11-19","SEL","Music across piece thing case discover."
"O000000115","M000000046","2020-06-01","SEL","Simple table across green program time wait."
"O000000116","M000000029","2020-10-21","SEL","Identify suggest enter impact training central."
"O000000117","M000000040","2020-02-19","PUR","Catch threat hand."
"O000000118","M000000039","2020-09-12","PUR","Again recently notice."
"O000000119","M000000034","2020-07-01","SEL","Production friend very off wind whole."
"O000000120","M000000007","2020-02-23","PUR","Part ground perform medical public those international reflect."
"O000000121","M000000007","2020-08-11","PUR","Attention very."
"O000000122","M000000047","2020-09-24","PUR","Pm finish."
"O000000123","M000000037","2020-05-18","SEL","Agency three know local mother democratic ever."
"O000000124","M000000008","2020-06-11","PUR","Thus."
"O000000125","M000000042","2020-09-05","SEL","Tend consider hundred approach rate someone assume instead firm."
"O000000126","M000000006","2020-08-13","SEL","Join technology during try push ready certain often."
"O000000127","M000000022","2020-03-29","PUR","Often foot actually."
"O000000128","M000000022","2020-11-03","SEL","Easy mention score."
"O000000129","M000000040","2020-01-24","SEL","People note."
"O000000130","M000000043","2020-09-19","SEL","Production specific consider face public strategy wall."
"O000000131","M000000040","2020-07-05","SEL","Should learn father simple visit."
"O000000132","M000000049","2020-12-02","SEL","Fear move mouth later modern."
"O000000133","M000000030","2020-07-02","PUR","Brother audience important say situation several test produce."
"O000000134","M000000013","2020-08-25","PUR","Practice movie know feeling area father."
"O000000135","M000000049","2020-03-25","SEL","Capital ask push arm able happy senior draw."
"O000000136","M000000032","2020-06-29","SEL","Be."
"O000000137","M000000019","2020-06-10","SEL","What eight."
"O000000138","M000000025","2020-05-14","PUR","Consumer serve PM."
"O000000139","M000000003","2020-08-12","SEL","Along common involve history anything management truth."
"O000000140","M000000048","2020-05-16","SEL","Thing former really than development note song listen west."
"O000000141","M000000028","2020-10-18","SEL","Drive since hospital approach special."
"O000000142","M000000027","2020-03-02","SEL","Woman information."
"O000000143","M000000038","2020-06-06","SEL","Purpose side series director away method."
"O000000144","M000000002","2020-01-17","SEL","Sell out fight former."
"O000000145","M000000029","2020-01-24","SEL","Style huge such use administration."
"O000000146","M000000028","2020-08-25","SEL","Garden produce machine probably education police."
"O000000147","M000000042","2020-07-20","PUR","Fish short perhaps that well science sign particular."
"O000000148","M000000017","2020-09-22","PUR","Heavy part wait someone method."
"O000000149","M000000030","2020-10-01","PUR","Upon relate consider particularly three."
"O000000150","M000000028","2020-03-17","SEL","Because."
"O000000151","M000000003","2020-06-28","PUR","Fight yet under make forget."
"O000000152","M000000011","2020-02-21","SEL","Positive chance I military believe itself growth science."
"O000000153","M000000013","2020-08-07","PUR","Director."
"O000000154","M000000016","2020-10-27","PUR","Cell care law life him develop today."
"O000000155","M000000045","2020-09-21","PUR","Material pull mouth go expert."
"O000000156","M000000040","2020-04-18","PUR","Available this join if popular."
"O000000157","M000000001","2020-06-22","SEL","Stand task method data administration our better."
"O000000158","M000000025","2020-08-29","PUR","Decade site environment."
"O000000159","M000000033","2020-06-14","PUR","Six city animal main almost."
"O000000160","M000000046","2020-05-23","SEL","Over important significant writer occur."
"O000000161","M000000018","2020-01-21","PUR","Pm cultural life system modern couple."
"O000000162","M000000006","2020-03-03","SEL","Training stay serve trip attorney."
"O000000163","M000000002","2020-07-21","SEL","Debate card join else system experience record."
"O000000164","M000000025","2020-04-18","PUR","Right."
"O000000165","M000000011","2020-01-05","SEL","Theory couple speak."
"O000000166","M000000031","2020-01-13","SEL","Campaign have left hundred fine information everything commercial material."
"O000000167","M000000011","2020-08-24","SEL","Head that history finally wall role world left today place hundred me."
"O000000168","M000000026","2020-04-10","PUR","Finish remember care yet require special."
"O000000169","M000000015","2020-09-30","PUR","Discuss life participant drug this here her."
"O000000170","M000000043","2020-11-05","SEL","Politics save so beautiful generation now feeling whether."
"O000000171","M000000031","2020-05-04","PUR","Coach."
"O000000172","M000000017","2020-02-18","PUR","Local."
"O000000173","M000000036","2020-10-28","SEL","Degree."
"O000000174","M000000011","2020-03-15","SEL","Current whose son."
"O000000175","M000000005","2020-02-25","PUR","Policy less great bit."
"O000000176","M000000007","2020-12-02","SEL","Hard teach computer fight."
"O000000177","M000000001","2020-09-25","PUR","Whether early still."
"O000000178","M000000030","2020-01-27","PUR","Affect remain."
"O000000179","M000000045","2020-04-10","SEL","Pm common century."
"O000000180","M000000004","2020-04-21","PUR","Term degree so answer there."
"O000000181","M000000011","2020-05-20","SEL","Director yard win."
"O000000182","M000000011","2020-04-28","PUR","Lot account network toward significant democratic eight action."
"O000000183","M000000010","2020-11-26","PUR","Control but picture."
"O000000184","M000000022","2020-09-30","SEL","Leader situation sense special worker."
"O000000185","M000000034","2020-08-04","PUR","Hospital."
"O000000186","M000000005","2020-10-23","SEL","Entire important race sea form now become thus bank."
"O000000187","M000000002","2020-03-27","SEL","Shoulder realize yeah build father less occur participant from."
"O000000188","M000000040","2020-06-15","PUR","Operation base spend detail."
"O000000189","M000000047","2020-08-14","PUR","Need."
"O000000190","M000000034","2020-02-04","SEL","Law upon growth each officer feel move."
"O000000191","M000000021","2020-06-02","SEL","Show."
"O000000192","M000000005","2020-11-26","SEL","Center design special hot reality somebody."
"O000000193","M000000031","2020-03-10","SEL","Lawyer section together meet condition political seat attack."
"O000000194","M000000009","2020-10-17","PUR","Another enter interesting federal strong heavy feel."
"O000000195","M000000041","2020-10-05","SEL","Conference reason."
"O000000196","M000000010","2020-07-22","SEL","Rule control song nothing adult."
"O000000197","M000000003","2020-03-26","SEL","Television."
"O000000198","M000000024","2020-03-14","PUR","Recently particularly detail from school summer."
"O000000199","M000000040","2020-03-17","PUR","Rate environmental water."
"O000000200","M000000039","2020-03-09","SEL","Moment stuff without join."
"O000000201","M000000012","2020-12-03","PUR","Gas unit mouth gun return."
"O000000202","M000000028","2020-03-01","PUR","Catch though."
"O000000203","M000000002","2020-10-12","SEL","I."
"O000000204","M000000033","2020-02-03","SEL","Power rock board significant today."
"O000000205","M000000048","2020-10-07","PUR","Amount cause friend phone."
"O000000206","M000000026","2020-06-24","PUR","Number artist put across order."
"O000000207","M000000005","2020-07-20","SEL","Fight cut simply."
"O000000208","M000000001","2020-11-22","SEL","Security challenge paper."
"O000000209","M000000008","2020-09-28","SEL","Management series draw recognize plan really line blood technology."
"O000000210","M000000018","2020-02-07","PUR","Maintain."
"O000000211","M000000007","2020-08-30","PUR","Line bill west."
"O000000212","M000000020","2020-10-20","SEL","Suffer pick must ready idea within mind yet."
"O000000213","M000000011","2020-10-10","SEL","But generation what management south."
"O000000214","M000000025","2020-07-23","PUR","Sell close once method."
"O000000215","M000000042","2020-05-05","SEL","Election now audience."
"O000000216","M000000007","2020-10-20","PUR","Card east."
"O000000217","M000000033","2020-05-18","SEL","Hundred environment five appear war."
"O000000218","M000000038","2020-05-03","PUR","Design during property past."
"O000000219","M000000021","2020-11-20","SEL","I network season pass."
"O000000220","M000000038","2020-05-19","SEL","Tend history leave another born oil take property cost build line all."
"O000000221","M000000028","2020-01-30","SEL","Area."
"O000000222","M000000012","2020-02-07","PUR","Lawyer pass."
"O000000223","M000000049","2020-09-13","PUR","Result Democrat."
"O000000224","M000000037","2020-11-29","SEL","Participant center data performance water middle professional."
"O000000225","M000000039","2020-08-02","PUR","Lawyer energy job."
"O000000226","M000000042","2020-05-07","PUR","Visit decade."
"O000000227","M000000048","2020-05-28","SEL","For special ever where difference quite gun Democrat method."
"O000000228","M000000042","2020-04-05","SEL","Nearly grow figure environmental participant stay according."
"O000000229","M000000003","2020-06-17","SEL","Common."
"O000000230","M000000029","2020-06-01","SEL","Along charge chance so brother lose final."
"O000000231","M000000032","2020-08-12","SEL","Piece this rest life tend full improve visit choice age."
"O000000232","M000000032","2020-09-19","SEL","From store health author."
"O000000233","M000000032","2020-06-07","PUR","Cup difference lot."
"O000000234","M000000033","2020-05-31","PUR","Too citizen miss hand."
"O000000235","M000000038","2020-08-01","SEL","Unit sort our return see laugh lay."
"O000000236","M000000043","2020-09-16","SEL","Kitchen than save."
"O000000237","M000000044","2020-02-25","PUR","Ground form as most often."
"O000000238","M000000011","2020-09-19","SEL","Interesting space American especially billion."
"O000000239","M000000017","2020-11-25","SEL","Design exactly over trial month something see."
"O000000240","M000000037","2020-05-13","PUR","Use tonight above remember."
"O000000241","M000000001","2020-09-23","PUR","Despite during probably together girl social amount hit very."
"O000000242","M000000045","2020-05-28","SEL","Remain once stand under style after."
"O000000243","M000000042","2020-04-26","PUR","Course office."
"O000000244","M000000041","2020-08-24","SEL","Board make TV price remain clear four."
"O000000245","M000000045","2020-07-23","SEL","Conference TV something so."
"O000000246","M000000026","2020-11-25","SEL","Anyone finish hold assume tell speech meeting adult glass boy agency poor."
"O000000247","M000000010","2020-03-06","PUR","Official claim close none."
"O000000248","M000000017","2020-10-16","PUR","Find maintain population material claim six."
"O000000249","M000000010","2020-04-20","PUR","Within less student across away recently picture allow station."
"O000000250","M000000015","2020-06-30","SEL","Individual machine through."
"O000000251","M000000019","2020-07-22","PUR","Rather she dark of situation produce cover each."
"O000000252","M000000032","2020-12-04","PUR","Police because."
"O000000253","M000000001","2020-01-11","SEL","Anything agency likely add PM history prepare simple husband."
"O000000254","M000000027","2020-05-30","SEL","Necessary pass bed when computer career fall seem."
"O000000255","M000000036","2020-08-15","SEL","Market."
"O000000256","M000000036","2020-06-03","SEL","Worker ask rather only turn foreign away catch think them."
"O000000257","M000000021","2020-10-21","SEL","Stop."
"O000000258","M000000039","2020-08-31","SEL","Opportunity."
"O000000259","M000000026","2020-06-20","SEL","Risk care peace fund pressure trial order."
"O000000260","M000000040","2020-01-07","SEL","Ahead."
"O000000261","M000000036","2020-04-20","SEL","Leg raise water town."
"O000000262","M000000027","2020-05-08","PUR","Real federal treatment consider determine discuss after form."
"O000000263","M000000005","2020-06-09","SEL","Expect glass window charge."
"O000000264","M000000040","2020-05-21","SEL","Hot keep civil tree color service others west threat idea."
"O000000265","M000000048","2020-07-15","SEL","Discuss offer."
"O000000266","M000000027","2020-09-10","PUR","Edge."
"O000000267","M000000034","2020-08-31","PUR","Character probably indeed after who firm."
"O000000268","M000000029","2020-08-07","PUR","Happy we dinner up strategy treatment hold economic difficult."
"O000000269","M000000045","2020-10-28","SEL","Different."
"O000000270","M000000027","2020-05-20","SEL","Nothing."
"O000000271","M000000021","2020-05-26","SEL","Role."
"O000000272","M000000003","2020-10-12","SEL","Perform however from them eight."
"O000000273","M000000027","2020-01-30","PUR","Up economy these my today event bank."
"O000000274","M000000014","2020-03-18","PUR","Who now government single range tough."
"O000000275","M000000049","2020-08-10","PUR","Nothing pattern would."
"O000000276","M000000032","2020-10-30","SEL","Adult accept stuff approach seem person down much."
"O000000277","M000000002","2020-11-16","SEL","Mouth simply national."
"O000000278","M000000033","2020-04-20","PUR","Play large law operation check according stage."
"O000000279","M000000037","2020-05-29","PUR","Fall."
"O000000280","M000000016","2020-03-20","PUR","Size artist sign drive watch."
"O000000281","M000000026","2020-05-28","SEL","Suffer same north."
"O000000282","M000000025","2020-04-23","SEL","He."
"O000000283","M000000038","2020-07-08","PUR","Chance seem first although about."
"O000000284","M000000020","2020-04-16","PUR","Professor and economy feeling exist."
"O000000285","M000000026","2020-10-28","PUR","Know check draw consider."
"O000000286","M000000005","2020-03-14","SEL","Bank."
"O000000287","M000000026","2020-04-23","PUR","Even among practice."
"O000000288","M000000037","2020-06-20","SEL","Sound become arrive certain you someone if ever a."
"O000000289","M000000029","2020-07-25","PUR","Discussion look difficult."
"O000000290","M000000018","2020-09-17","SEL","Enter nothing necessary."
"O000000291","M000000048","2020-08-10","PUR","Front."
"O000000292","M000000018","2020-07-28","SEL","Seat authority station sort race star."
"O000000293","M000000038","2020-06-26","SEL","Similar relationship skin think much voice ball hit follow."
"O000000294","M000000046","2020-08-04","SEL","Decade soldier town law send identify car image."
"O000000295","M000000033","2020-09-14","PUR","Wall house."
"O000000296","M000000017","2020-02-26","SEL","Stop."
"O000000297","M000000035","2020-07-01","SEL","Future tax call pay."
"O000000298","M000000004","2020-01-31","SEL","Authority."
"O000000299","M000000041","2020-10-05","SEL","Party may."
"O000000300","M000000023","2020-04-28","PUR","Add pick rise rate research morning cut policy four maybe."
"O000000301","M000000048","2020-11-29","PUR","Activity forget describe huge pressure in small its have."
"O000000302","M000000033","2020-06-22","SEL","Down."
"O000000303","M000000020","2020-10-05","PUR","Two police."
"O000000304","M000000017","2020-05-10","PUR","Can level never important visit example."
"O000000305","M000000038","2020-07-01","PUR","Arrive."
"O000000306","M000000045","2020-09-03","PUR","Officer civil computer move."
"O000000307","M000000045","2020-10-22","SEL","Do industry mean try skin."
"O000000308","M000000027","2020-07-09","SEL","Put himself you security around."
"O000000309","M000000020","2020-02-07","SEL","Challenge simple break will for born."
"O000000310","M000000015","2020-04-05","SEL","Hotel eye."
"O000000311","M000000024","2020-05-25","SEL","Everyone push increase."
"O000000312","M000000025","2020-08-27","SEL","Else box television cold management."
"O000000313","M000000043","2020-06-17","PUR","White little."
"O000000314","M000000010","2020-06-08","SEL","Official decade ago message show."
"O000000315","M000000020","2020-11-07","SEL","Election close position cost."
"O000000316","M000000024","2020-09-06","PUR","News choice blood trouble that."
"O000000317","M000000047","2020-04-23","SEL","Radio understand peace must method station require forget."
"O000000318","M000000035","2020-07-20","PUR","Within."
"O000000319","M000000017","2020-05-18","SEL","Fact box."
"O000000320","M000000032","2020-11-30","PUR","Run change anything they political also project protect."
"O000000321","M000000021","2020-03-16","PUR","Though apply travel."
"O000000322","M000000006","2020-06-20","SEL","Heavy appear radio security thought."
"O000000323","M000000010","2020-06-29","PUR","Financial friend up scene data animal own happen."
"O000000324","M000000045","2020-05-03","PUR","Stuff course force or face yourself various."
"O000000325","M000000010","2020-11-21","SEL","Health step."
"O000000326","M000000016","2020-02-29","PUR","Must."
"O000000327","M000000001","2020-09-01","SEL","Personal identify natural."
"O000000328","M000000048","2020-09-23","PUR","They nature prevent door yard staff."
"O000000329","M000000029","2020-05-26","SEL","Pick cell us cost make foot us."
"O000000330","M000000037","2020-07-05","PUR","May."
"O000000331","M000000030","2020-03-15","SEL","Huge heavy while later."
"O000000332","M000000024","2020-05-22","SEL","Light however."
"O000000333","M000000001","2020-01-21","PUR","Manager forget generation each."
"O000000334","M000000021","2020-06-12","SEL","Never college movement glass on science media fund me arm far story."
"O000000335","M000000042","2020-06-07","SEL","Forget live picture."
"O000000336","M000000021","2020-02-07","PUR","Class day among it hope."
"O000000337","M000000005","2020-04-27","PUR","Remember agreement explain Mr."
"O000000338","M000000025","2020-04-14","SEL","Ball born break scene top."
"O000000339","M000000029","2020-11-17","PUR","American painting entire experience form."
"O000000340","M000000009","2020-07-13","PUR","Image each eight every front."
"O000000341","M000000049","2020-11-01","SEL","Religious if reason speak surface risk."
"O000000342","M000000027","2020-04-28","SEL","Food back put yourself vote yourself."
"O000000343","M000000043","2020-01-06","SEL","Into."
"O000000344","M000000044","2020-05-26","PUR","Sometimes."
"O000000345","M000000030","2020-12-08","SEL","Growth before how trouble."
"O000000346","M000000039","2020-01-25","PUR","Energy only government never involve suggest science recently seek rich somebody market."
"O000000347","M000000021","2020-02-23","SEL","Yes pick particularly."
"O000000348","M000000027","2020-02-04","PUR","Country become piece interesting range born movement."
"O000000349","M000000028","2020-06-30","PUR","Central."
"O000000350","M000000021","2020-05-01","SEL","Effort education white enjoy goal population travel institution effect."
"O000000351","M000000036","2020-02-29","PUR","Western pay learn cause specific."
"O000000352","M000000002","2020-05-05","PUR","Hotel standard camera family paper life."
"O000000353","M000000037","2020-05-08","SEL","Government whose between positive."
"O000000354","M000000048","2020-05-27","PUR","Pull be about direction ago quality."
"O000000355","M000000024","2020-07-22","PUR","Arm."
"O000000356","M000000007","2020-07-30","PUR","Process trade rate write defense take nature hotel base."
"O000000357","M000000038","2020-04-21","SEL","Respond half painting hope when."
"O000000358","M000000015","2020-11-09","SEL","Everyone."
"O000000359","M000000004","2020-05-09","PUR","Maybe."
"O000000360","M000000016","2020-09-12","SEL","Set."
"O000000361","M000000048","2020-02-01","SEL","Above."
"O000000362","M000000003","2020-05-14","PUR","It certain why discussion unit camera."
"O000000363","M000000035","2020-11-05","SEL","Manage institution they cost apply both lawyer smile."
"O000000364","M000000010","2020-01-23","PUR","Wish."
"O000000365","M000000040","2020-05-04","SEL","Notice clear commercial spend discussion camera."
"O000000366","M000000017","2020-11-12","PUR","Movement choice movement million important administration."
"O000000367","M000000021","2020-11-04","PUR","Star."
"O000000368","M000000018","2020-02-11","PUR","Blue window magazine sister."
"O000000369","M000000007","2020-12-09","PUR","Likely blue exactly."
"O000000370","M000000017","2020-09-19","PUR","By produce."
"O000000371","M000000024","2020-04-09","PUR","Door water land listen."
"O000000372","M000000043","2020-11-15","PUR","Save federal building affect nice even now."
"O000000373","M000000036","2020-04-19","SEL","Provide believe however beat."
"O000000374","M000000035","2020-04-02","PUR","Lead."
"O000000375","M000000022","2020-06-01","SEL","Space foreign increase window fish particularly."
"O000000376","M000000045","2020-04-30","SEL","Particularly research."
"O000000377","M000000023","2020-05-30","SEL","Blood word produce physical human speech."
"O000000378","M000000003","2020-10-03","PUR","Four leader whatever."
"O000000379","M000000032","2020-09-28","PUR","Maintain thought personal become."
"O000000380","M000000014","2020-08-29","PUR","Sit me start him."
"O000000381","M000000034","2020-04-04","PUR","Mission player."
"O000000382","M000000030","2020-04-10","SEL","Citizen management center floor music already on recent enjoy."
"O000000383","M000000005","2020-09-07","SEL","Guess affect stop anything."
"O000000384","M000000025","2020-02-02","PUR","Character yard."
"O000000385","M000000005","2020-10-17","SEL","Effort black."
"O000000386","M000000043","2020-01-27","PUR","Involve movement month trade."
"O000000387","M000000009","2020-02-03","SEL","Grow everybody choice."
"O000000388","M000000006","2020-11-22","PUR","Exist."
"O000000389","M000000006","2020-09-30","SEL","Television its gas company."
"O000000390","M000000042","2020-03-05","PUR","Tonight hold."
"O000000391","M000000010","2020-04-21","SEL","Follow last attack class."
"O000000392","M000000039","2020-03-02","PUR","Suddenly."
"O000000393","M000000030","2020-01-12","SEL","Again piece fight begin mission sell the our dark we."
"O000000394","M000000038","2020-02-04","SEL","What school."
"O000000395","M000000046","2020-10-15","SEL","Major book less firm these others whole suffer."
"O000000396","M000000047","2020-09-07","SEL","Budget."
"O000000397","M000000005","2020-06-15","SEL","Instead."
"O000000398","M000000043","2020-09-27","PUR","Save hotel catch point start."
"O000000399","M000000040","2020-02-08","PUR","Road return carry feel."
"O000000400","M000000006","2020-02-04","PUR","My power stuff see range machine spring girl."
"O000000401","M000000026","2020-09-15","PUR","Tough other."
"O000000402","M000000028","2020-10-29","PUR","Approach red high common challenge."
"O000000403","M000000035","2020-12-04","SEL","Eye policy girl health remain two million."
"O000000404","M000000006","2020-04-18","SEL","Yet remain issue."
"O000000405","M000000037","2020-11-22","PUR","Story."
"O000000406","M000000009","2020-02-23","PUR","Specific on step red peace page wish."
"O000000407","M000000006","2020-09-23","PUR","Through lawyer realize real more program career."
"O000000408","M000000047","2020-09-16","SEL","Single Congress clear add plant."
"O000000409","M000000011","2020-05-07","PUR","Letter method expect model soldier group employee remain social."
"O000000410","M000000045","2020-06-26","PUR","Prevent."
"O000000411","M000000049","2020-11-09","SEL","Next."
"O000000412","M000000004","2020-08-02","PUR","Simply physical history only former yeah."
"O000000413","M000000016","2020-06-22","PUR","Push pattern dog."
"O000000414","M000000021","2020-04-18","PUR","Main decide threat point certain."
"O000000415","M000000011","2020-09-25","SEL","Hope energy in conference message risk gun join usually ready."
"O000000416","M000000033","2020-05-22","SEL","Decision then side sing power their enjoy ten enough."
"O000000417","M000000012","2020-11-21","SEL","Ask for realize Mrs newspaper."
"O000000418","M000000044","2020-04-05","PUR","West."
"O000000419","M000000002","2020-07-12","PUR","The discuss."
"O000000420","M000000020","2020-09-30","SEL","Office argue chair unit feel allow than enough."
"O000000421","M000000006","2020-05-20","PUR","Make all main Democrat party discuss."
"O000000422","M000000005","2020-10-01","SEL","Generation feeling."
"O000000423","M000000016","2020-08-11","SEL","Matter."
"O000000424","M000000042","2020-06-03","PUR","Right piece see side actually mind."
"O000000425","M000000019","2020-08-29","SEL","Sure each thank religious wait hair pull."
"O000000426","M000000028","2020-07-06","SEL","Receive traditional evening somebody test say election past."
"O000000427","M000000032","2020-06-15","SEL","Region."
"O000000428","M000000027","2020-04-15","PUR","Similar car eat."
"O000000429","M000000010","2020-04-14","PUR","Station and land better feel including customer value despite quickly employee."
"O000000430","M000000032","2020-03-18","SEL","South would suddenly."
"O000000431","M000000046","2020-06-16","PUR","Usually."
"O000000432","M000000011","2020-03-05","PUR","Military explain say beat."
"O000000433","M000000035","2020-03-03","PUR","Understand."
"O000000434","M000000019","2020-04-03","SEL","Collection kitchen second ever among consumer."
"O000000435","M000000034","2020-11-16","PUR","Home then total past it carry fall woman."
"O000000436","M000000032","2020-03-25","PUR","Part statement wife degree party."
"O000000437","M000000022","2020-06-16","SEL","Man ask open have section cut."
"O000000438","M000000004","2020-02-12","PUR","Scene."
"O000000439","M000000022","2020-08-27","PUR","Point."
"O000000440","M000000013","2020-02-02","PUR","Start both."
"O000000441","M000000040","2020-03-28","PUR","Follow move Mrs ability church section he through."
"O000000442","M000000043","2020-03-31","PUR","Beyond care there among."
"O000000443","M000000029","2020-01-28","PUR","Front staff."
"O000000444","M000000048","2020-06-21","SEL","Down."
"O000000445","M000000029","2020-11-22","PUR","Debate though above simple social."
"O000000446","M000000007","2020-12-05","PUR","Information debate heavy test risk skill avoid south."
"O000000447","M000000038","2020-10-16","PUR","Son test health value far environment success represent professional fine benefit soon."
"O000000448","M000000045","2020-10-05","SEL","Young operation force even baby."
"O000000449","M000000003","2020-07-22","PUR","Whom already less doctor."
"O000000450","M000000003","2020-09-26","SEL","Ready according network past no exist fire military."
"O000000451","M000000021","2020-11-27","SEL","Able protect total art season table pressure song which organization finish analysis."
"O000000452","M000000030","2020-04-08","SEL","Unit would exactly his think worker card likely item international."
"O000000453","M000000040","2020-02-17","PUR","Different operation happy recent you."
"O000000454","M000000008","2020-09-05","SEL","Car front democratic."
"O000000455","M000000006","2020-06-21","SEL","Remember before."
"O000000456","M000000024","2020-05-17","PUR","War magazine produce TV structure me."
"O000000457","M000000025","2020-08-27","PUR","However plant each when need despite we identify agreement commercial rich."
"O000000458","M000000007","2020-06-15","SEL","Star subject growth site future good trial challenge."
"O000000459","M000000044","2020-08-14","PUR","Nothing goal owner fact decade mention foot movie factor."
"O000000460","M000000038","2020-03-27","PUR","Perhaps while though."
"O000000461","M000000042","2020-03-15","SEL","Character serious attack."
"O000000462","M000000005","2020-09-09","PUR","Story audience so push evidence."
"O000000463","M000000028","2020-06-09","PUR","Collection."
"O000000464","M000000010","2020-03-18","PUR","Tell say clear knowledge member nor establish program serve."
"O000000465","M000000038","2020-06-30","PUR","Significant."
"O000000466","M000000030","2020-07-07","SEL","Bring."
"O000000467","M000000049","2020-02-14","PUR","Family push finish."
"O000000468","M000000028","2020-03-14","SEL","Arm response radio factor bit mother safe."
"O000000469","M000000011","2020-08-26","SEL","Eye by onto choose state mouth seem paper."
"O000000470","M000000043","2020-01-05","PUR","So."
"O000000471","M000000015","2020-11-09","SEL","Call painting hot by."
"O000000472","M000000041","2020-02-19","PUR","Seek."
"O000000473","M000000040","2020-02-28","PUR","Walk reality fight key she."
"O000000474","M000000005","2020-12-05","SEL","Economic really certainly TV follow speech offer."
"O000000475","M000000029","2020-06-11","PUR","Black."
"O000000476","M000000001","2020-03-05","PUR","Include trial."
"O000000477","M000000035","2020-06-14","PUR","Happy step."
"O000000478","M000000024","2020-04-23","SEL","Skin ability."
"O000000479","M000000011","2020-09-02","SEL","Television enjoy least it room capital take reach control choice."
"O000000480","M000000036","2020-10-26","SEL","Until pass form."
"O000000481","M000000016","2020-11-28","SEL","Again court address couple."
"O000000482","M000000047","2020-12-06","SEL","Eye there phone world vote."
"O000000483","M000000037","2020-07-04","PUR","Them live tax billion."
"O000000484","M000000003","2020-10-24","PUR","Sister beautiful maybe ten will everyone process range."
"O000000485","M000000015","2020-07-26","SEL","Within."
"O000000486","M000000046","2020-08-16","SEL","Statement term analysis including board news travel network choice."
"O000000487","M000000016","2020-07-23","PUR","Always take play tell building student."
"O000000488","M000000012","2020-07-09","PUR","Anything decade two."
"O000000489","M000000007","2020-06-11","SEL","Hope not always question responsibility."
"O000000490","M000000016","2020-09-27","SEL","Spend."
"O000000491","M000000026","2020-11-13","SEL","North marriage window."
"O000000492","M000000037","2020-03-30","SEL","Somebody."
"O000000493","M000000004","2020-04-17","PUR","Exist office party."
"O000000494","M000000003","2020-10-22","PUR","Loss."
"O000000495","M000000047","2020-02-05","PUR","Toward evening."
"O000000496","M000000023","2020-09-06","PUR","Board."
"O000000497","M000000010","2020-03-30","PUR","Husband provide send."
"O000000498","M000000030","2020-03-31","SEL","Protect."
"O000000499","M000000027","2020-05-24","SEL","Career citizen key those."
"O000000500","M000000005","2020-03-27","PUR","Reveal product baby."
"O000000501","M000000041","2020-05-31","PUR","Well next generation raise test trouble alone."
"O000000502","M000000025","2020-11-26","PUR","Increase hand seven thought."
"O000000503","M000000038","2020-06-08","SEL","Receive participant rich relate dinner level claim play small."
"O000000504","M000000004","2020-08-15","PUR","Culture relate."
"O000000505","M000000010","2020-03-22","SEL","Ready citizen."
"O000000506","M000000036","2020-02-28","PUR","Generation apply."
"O000000507","M000000032","2020-01-06","PUR","Bank."
"O000000508","M000000010","2020-03-04","PUR","Free generation join."
"O000000509","M000000033","2020-08-19","PUR","Computer thing second peace modern know cut fight."
"O000000510","M000000048","2020-05-09","PUR","Kitchen food the."
"O000000511","M000000047","2020-11-08","PUR","Call move."
"O000000512","M000000029","2020-11-01","SEL","Prevent start from."
"O000000513","M000000047","2020-11-01","PUR","Adult weight."
"O000000514","M000000037","2020-03-22","PUR","Forward age spring similar which."
"O000000515","M000000012","2020-10-26","PUR","What impact turn police."
"O000000516","M000000002","2020-07-05","SEL","While lawyer public center occur be whose student table."
"O000000517","M000000011","2020-07-15","SEL","Course hundred over."
"O000000518","M000000020","2020-04-18","PUR","Spring whatever staff strong early."
"O000000519","M000000028","2020-04-30","SEL","Detail."
"O000000520","M000000019","2020-07-20","SEL","Fine right."
"O000000521","M000000016","2020-10-30","PUR","While affect theory politics assume worker Congress heart."
"O000000522","M000000034","2020-07-17","SEL","Say."
"O000000523","M000000025","2020-09-02","PUR","College."
"O000000524","M000000010","2020-06-03","SEL","Able seek pass."
"O000000525","M000000022","2020-03-20","SEL","My determine money shake occur director director field employee."
"O000000526","M000000043","2020-08-15","PUR","Interest maybe."
"O000000527","M000000020","2020-11-21","SEL","Student even hold skin up pass American."
"O000000528","M000000034","2020-08-15","PUR","Concern conference community project."
"O000000529","M000000014","2020-05-27","PUR","Material enough side."
"O000000530","M000000031","2020-09-25","PUR","Remember door act."
"O000000531","M000000020","2020-11-20","PUR","Professional out sometimes media agree."
"O000000532","M000000016","2020-12-07","PUR","Live church house."
"O000000533","M000000025","2020-09-01","SEL","Yourself."
"O000000534","M000000049","2020-03-17","PUR","Right sing represent always risk."
"O000000535","M000000015","2020-03-26","PUR","Road."
"O000000536","M000000027","2020-04-12","SEL","Total low."
"O000000537","M000000021","2020-08-25","PUR","Professional indicate resource sign increase professor party."
"O000000538","M000000036","2020-02-27","PUR","Story form sister despite notice skill heart."
"O000000539","M000000005","2020-11-19","SEL","Town north from especially positive."
"O000000540","M000000008","2020-06-20","PUR","Court arm ahead very admit."
"O000000541","M000000027","2020-09-29","SEL","Respond manage put."
"O000000542","M000000034","2020-08-19","PUR","Rock receive."
"O000000543","M000000033","2020-10-02","SEL","Continue law air cultural."
"O000000544","M000000038","2020-10-04","PUR","Bed that begin within blue describe only blue key."
"O000000545","M000000016","2020-06-18","SEL","Financial pretty live during movement."
"O000000546","M000000037","2020-11-13","SEL","Age report however decision."
"O000000547","M000000019","2020-07-22","PUR","Step."
"O000000548","M000000044","2020-09-15","SEL","That keep have sense."
"O000000549","M000000038","2020-06-10","SEL","Manage."
"O000000550","M000000035","2020-01-06","SEL","Action contain artist support news meet strong same alone."
"O000000551","M000000013","2020-08-21","SEL","Any look research wish material wish serious."
"O000000552","M000000016","2020-05-11","SEL","Pm himself instead sign nearly imagine treat where candidate Republican bring."
"O000000553","M000000036","2020-03-13","SEL","Line almost."
"O000000554","M000000013","2020-12-05","PUR","Interview war happen current air."
"O000000555","M000000022","2020-03-31","SEL","Explain."
"O000000556","M000000005","2020-03-19","SEL","Among grow week road place or."
"O000000557","M000000026","2020-07-30","PUR","Company."
"O000000558","M000000037","2020-01-10","PUR","Father old."
"O000000559","M000000023","2020-03-07","PUR","Office."
"O000000560","M000000045","2020-11-15","SEL","Question claim."
"O000000561","M000000032","2020-12-01","SEL","Condition main doctor thing."
"O000000562","M000000009","2020-06-19","SEL","Southern."
"O000000563","M000000031","2020-10-23","SEL","Happy interest smile manage."
"O000000564","M000000017","2020-01-09","SEL","Chance seven."
"O000000565","M000000011","2020-03-11","PUR","Only who tonight."
"O000000566","M000000041","2020-10-02","PUR","Nice position point feeling."
"O000000567","M000000018","2020-07-26","PUR","Institution above former heavy mention."
"O000000568","M000000002","2020-01-19","SEL","Prove painting they president another."
"O000000569","M000000013","2020-04-15","SEL","Reduce care unit."
"O000000570","M000000039","2020-05-03","SEL","Interest create outside thousand."
"O000000571","M000000005","2020-08-04","SEL","Family throw serve candidate win."
"O000000572","M000000007","2020-02-26","SEL","Mission particularly describe change history lead down town similar."
"O000000573","M000000011","2020-04-11","PUR","Material."
"O000000574","M000000047","2020-04-29","PUR","Join hundred yard order book."
"O000000575","M000000003","2020-06-26","SEL","Not college husband guy prevent."
"O000000576","M000000024","2020-03-01","SEL","Head believe treat despite."
"O000000577","M000000027","2020-11-21","SEL","Region interesting career should."
"O000000578","M000000020","2020-02-18","PUR","Learn mission American tend make live begin agent about from."
"O000000579","M000000046","2020-05-19","SEL","Listen company once include if safe."
"O000000580","M000000009","2020-02-28","SEL","Drop learn five style eye hot."
"O000000581","M000000004","2020-06-27","SEL","Doctor fire."
"O000000582","M000000024","2020-11-18","PUR","Trial dog that quality."
"O000000583","M000000022","2020-11-13","PUR","Determine spring school organization wife alone piece politics quite."
"O000000584","M000000008","2020-11-23","PUR","Edge him week individual work church."
"O000000585","M000000033","2020-03-05","PUR","Hold prove most best hour action by television table job."
"O000000586","M000000020","2020-10-30","SEL","Meet."
"O000000587","M000000047","2020-08-15","PUR","Foreign they will under bad daughter including."
"O000000588","M000000039","2020-10-15","PUR","Yard then head billion word reach."
"O000000589","M000000026","2020-12-02","PUR","Month middle share before pattern their turn."
"O000000590","M000000014","2020-02-10","PUR","Young ever position."
"O000000591","M000000006","2020-11-01","PUR","Face or road garden main news we various base letter."
"O000000592","M000000023","2020-01-06","SEL","Live interview team four summer factor if feeling blood task."
"O000000593","M000000020","2020-03-24","PUR","Effort movement by impact writer box national."
"O000000594","M000000040","2020-01-11","PUR","Very box expert matter series treatment light need."
"O000000595","M000000014","2020-04-21","PUR","National."
"O000000596","M000000018","2020-04-19","SEL","Range part civil."
"O000000597","M000000003","2020-03-22","SEL","Though spring in window able him certainly society whom economic manager."
"O000000598","M000000039","2020-01-03","SEL","Good same hold wife those plant firm answer skill."
"O000000599","M000000005","2020-07-04","SEL","Color serve body value sport."
"O000000600","M000000017","2020-04-11","SEL","Lose every woman during pretty there stock check painting."
"O000000601","M000000021","2020-09-08","SEL","Somebody allow probably today event."
"O000000602","M000000026","2020-12-09","PUR","Impact our fight season energy beat."
"O000000603","M000000012","2020-04-12","PUR","As community debate program receive star."
"O000000604","M000000033","2020-06-25","SEL","Prove very also best word."
"O000000605","M000000018","2020-01-16","PUR","World."
"O000000606","M000000001","2020-06-17","PUR","Take."
"O000000607","M000000035","2020-07-14","SEL","Parent some view board."
"O000000608","M000000040","2020-02-09","SEL","Enter benefit able traditional capital."
"O000000609","M000000031","2020-03-12","SEL","Field bill feel reach."
"O000000610","M000000018","2020-07-09","SEL","Really story discussion expect term."
"O000000611","M000000004","2020-08-09","PUR","Camera base."
"O000000612","M000000042","2020-06-11","PUR","Its."
"O000000613","M000000030","2020-10-22","SEL","Particular necessary bag effort society at clearly security include Republican system hot."
"O000000614","M000000016","2020-02-14","PUR","Work keep because control alone place onto."
"O000000615","M000000026","2020-08-14","PUR","Whose list Republican."
"O000000616","M000000044","2020-01-17","PUR","Support hospital much measure."
"O000000617","M000000048","2020-03-11","SEL","Let throw manager oil."
"O000000618","M000000008","2020-09-20","PUR","Political wear respond audience cause."
"O000000619","M000000042","2020-09-04","SEL","Future able world recognize military."
"O000000620","M000000014","2020-06-19","SEL","Arm here young sign college wife participant life serve."
"O000000621","M000000013","2020-05-02","PUR","Pattern identify series leave."
"O000000622","M000000034","2020-03-27","PUR","Say he."
"O000000623","M000000042","2020-03-16","SEL","Shoulder east."
"O000000624","M000000006","2020-09-04","SEL","Sure."
"O000000625","M000000011","2020-11-21","PUR","Citizen yes black throughout economic wonder."
"O000000626","M000000014","2020-09-14","PUR","Town doctor national."
"O000000627","M000000037","2020-07-26","PUR","Standard."
"O000000628","M000000034","2020-07-26","SEL","Writer relationship worry level."
"O000000629","M000000047","2020-05-12","SEL","Assume any leader war between air."
"O000000630","M000000043","2020-06-01","PUR","Identify season thing quickly loss."
"O000000631","M000000019","2020-12-09","PUR","Front wait age."
"O000000632","M000000018","2020-04-05","SEL","Blood year again hit."
"O000000633","M000000020","2020-08-12","PUR","Door foot."
"O000000634","M000000038","2020-05-07","SEL","Affect these hair always."
"O000000635","M000000004","2020-03-28","PUR","Piece too yes view line couple wind edge."
"O000000636","M000000022","2020-05-16","PUR","Sister deal finally PM value teacher activity ask bag."
"O000000637","M000000036","2020-03-22","PUR","Trial maybe think everyone amount value fire nature color organization size party."
"O000000638","M000000034","2020-11-12","SEL","Dinner."
"O000000639","M000000033","2020-02-08","PUR","Drop term model program."
"O000000640","M000000020","2020-04-28","PUR","Still face agreement across for rise foot."
"O000000641","M000000006","2020-05-24","PUR","Three red series party."
"O000000642","M000000043","2020-11-13","PUR","Father article consumer matter it reality name involve decision."
"O000000643","M000000006","2020-03-06","SEL","Keep hear media agree fly letter."
"O000000644","M000000015","2020-10-26","PUR","Be eye report goal."
"O000000645","M000000027","2020-05-08","PUR","Weight senior area machine."
"O000000646","M000000017","2020-01-02","SEL","Cause with back source able."
"O000000647","M000000034","2020-02-16","PUR","Face suddenly seven bag pass experience."
"O000000648","M000000041","2020-07-26","PUR","Final business this for ask."
"O000000649","M000000009","2020-01-06","PUR","Newspaper really leader."
"O000000650","M000000023","2020-02-26","PUR","Cut produce end close unit probably population investment city."
"O000000651","M000000045","2020-02-28","SEL","Project."
"O000000652","M000000048","2020-05-15","SEL","Here."
"O000000653","M000000029","2020-08-24","SEL","Citizen practice decide tough summer."
"O000000654","M000000024","2020-05-23","SEL","Staff size direction deep power receive director scene."
"O000000655","M000000013","2020-09-04","SEL","Experience ahead appear source."
"O000000656","M000000042","2020-07-15","SEL","Air add help."
"O000000657","M000000017","2020-01-13","PUR","Middle scientist wait phone green left add."
"O000000658","M000000016","2020-02-14","SEL","Teacher."
"O000000659","M000000040","2020-06-25","PUR","Writer."
"O000000660","M000000018","2020-11-20","PUR","Sister dinner help trouble network never the."
"O000000661","M000000012","2020-10-11","PUR","Poor crime foot outside."
"O000000662","M000000004","2020-04-10","PUR","Loss policy stand until home require action alone."
"O000000663","M000000023","2020-01-02","SEL","Those especially civil candidate could by dream drug."
"O000000664","M000000003","2020-07-10","PUR","Anything answer."
"O000000665","M000000004","2020-05-28","SEL","Wind drive lawyer clear determine thank."
"O000000666","M000000008","2020-03-18","SEL","Street."
"O000000667","M000000013","2020-10-09","PUR","Thought light result their stock hour reason."
"O000000668","M000000041","2020-08-16","SEL","Able leg mean process right pretty plan drug."
"O000000669","M000000002","2020-10-26","PUR","Moment support even government unit."
"O000000670","M000000028","2020-10-23","PUR","Issue speech example threat service democratic machine effect since."
"O000000671","M000000006","2020-07-17","SEL","Suffer focus dream process mind resource actually according admit."
"O000000672","M000000010","2020-11-19","SEL","Not any Mrs."
"O000000673","M000000013","2020-11-18","PUR","Detail page morning."
"O000000674","M000000037","2020-07-20","SEL","Deal expert military ok."
"O000000675","M000000024","2020-11-01","PUR","Agency."
"O000000676","M000000020","2020-11-15","SEL","Thank training economy."
"O000000677","M000000020","2020-08-05","SEL","Mission long also decide play."
"O000000678","M000000009","2020-11-07","PUR","In simply shake job your wait hundred compare."
"O000000679","M000000021","2020-11-02","PUR","Admit alone day morning condition company arrive service."
"O000000680","M000000032","2020-09-03","PUR","Happy participant both student dream design."
"O000000681","M000000025","2020-11-22","SEL","Rest wind more wrong team tax bar."
"O000000682","M000000004","2020-04-05","PUR","Their."
"O000000683","M000000025","2020-11-20","PUR","Total campaign billion it course argue major writer."
"O000000684","M000000039","2020-02-27","PUR","Forget and."
"O000000685","M000000014","2020-11-10","PUR","South cold."
"O000000686","M000000006","2020-04-09","SEL","Throughout since here cut involve heart itself real."
"O000000687","M000000015","2020-09-19","SEL","Land exactly."
"O000000688","M000000026","2020-01-04","PUR","Cover car political inside free life argue wind would federal."
"O000000689","M000000009","2020-04-20","PUR","Chair."
"O000000690","M000000030","2020-02-19","PUR","Member gas."
"O000000691","M000000047","2020-03-07","PUR","Especially either thank life."
"O000000692","M000000024","2020-09-17","SEL","New out."
"O000000693","M000000023","2020-02-13","SEL","System."
"O000000694","M000000029","2020-09-01","SEL","Pretty determine national third market conference."
"O000000695","M000000024","2020-03-05","PUR","Argue."
"O000000696","M000000042","2020-10-06","PUR","Media authority work if."
"O000000697","M000000043","2020-01-17","SEL","Woman drop well wall would shake."
"O000000698","M000000038","2020-09-14","SEL","Beyond next bit."
"O000000699","M000000020","2020-05-30","SEL","Spring water then each own."
"O000000700","M000000029","2020-05-11","SEL","Education successful difficult cut almost."
"O000000701","M000000045","2020-10-14","PUR","Drop rather ok."
"O000000702","M000000022","2020-11-08","SEL","Present but pay lose."
"O000000703","M000000006","2020-07-26","SEL","Mind figure answer media dream."
"O000000704","M000000012","2020-10-29","SEL","Another course fight prevent cup lawyer."
"O000000705","M000000017","2020-11-16","PUR","Participant finish."
"O000000706","M000000025","2020-07-23","PUR","Civil kid yes field maybe."
"O000000707","M000000035","2020-03-28","PUR","Education will system technology choose maybe analysis his."
"O000000708","M000000041","2020-02-01","PUR","Recognize interesting."
"O000000709","M000000032","2020-10-12","PUR","Eat control dinner."
"O000000710","M000000025","2020-08-25","SEL","Carry charge more about time couple move."
"O000000711","M000000001","2020-02-19","PUR","Thank during nature small you ball miss kind list imagine."
"O000000712","M000000033","2020-08-10","SEL","With middle level."
"O000000713","M000000037","2020-02-15","PUR","Word half road recently him."
"O000000714","M000000023","2020-02-15","SEL","Order billion."
"O000000715","M000000042","2020-11-03","SEL","Sell threat over we something head."
"O000000716","M000000021","2020-01-14","SEL","Yes partner."
"O000000717","M000000025","2020-07-03","PUR","Treat."
"O000000718","M000000007","2020-11-12","PUR","Magazine main rock little pull nature."
"O000000719","M000000002","2020-08-27","SEL","Pull."
"O000000720","M000000030","2020-09-28","PUR","Face ten term."
"O000000721","M000000002","2020-01-13","SEL","Catch firm doctor."
"O000000722","M000000009","2020-01-22","SEL","Drug way detail collection professor soon."
"O000000723","M000000042","2020-02-14","SEL","Affect begin."
"O000000724","M000000001","2020-05-10","PUR","Window all there most Republican leg concern listen professional."
"O000000725","M000000042","2020-09-24","SEL","Relationship consider here."
"O000000726","M000000048","2020-11-19","PUR","Fall seven notice expect ready happen itself suddenly."
"O000000727","M000000018","2020-04-02","SEL","From product thank both bed."
"O000000728","M000000023","2020-10-11","SEL","Bed significant attorney off ever trip represent also."
"O000000729","M000000004","2020-02-28","PUR","Address those gun particular."
"O000000730","M000000038","2020-03-27","PUR","Job."
"O000000731","M000000042","2020-05-12","SEL","Develop into bring different reduce off community."
"O000000732","M000000047","2020-11-04","PUR","Along."
"O000000733","M000000027","2020-04-02","PUR","Anyone."
"O000000734","M000000043","2020-09-09","SEL","Window long."
"O000000735","M000000006","2020-05-02","SEL","Building actually each change."
"O000000736","M000000045","2020-06-28","SEL","Image accept treatment."
"O000000737","M000000016","2020-10-14","PUR","Successful never least international perform cultural."
"O000000738","M000000014","2020-05-11","PUR","Field."
"O000000739","M000000013","2020-04-17","SEL","Live against."
"O000000740","M000000030","2020-05-22","PUR","Perform court kitchen."
"O000000741","M000000029","2020-11-28","PUR","Home."
"O000000742","M000000011","2020-11-30","SEL","Film change."
"O000000743","M000000007","2020-03-07","SEL","Out our both daughter summer resource center."
"O000000744","M000000043","2020-10-05","SEL","Collection record wall network sound budget drive full."
"O000000745","M000000008","2020-07-10","PUR","Huge."
"O000000746","M000000002","2020-10-09","SEL","Mrs information care visit improve make."
"O000000747","M000000013","2020-03-31","SEL","Value affect."
"O000000748","M000000032","2020-05-22","PUR","Moment tree too player for position new prove."
"O000000749","M000000003","2020-05-16","PUR","Move much left."
"O000000750","M000000005","2020-05-28","PUR","Stop."
"O000000751","M000000026","2020-05-24","PUR","Push community notice yes picture."
"O000000752","M000000003","2020-05-31","PUR","Turn way hear."
"O000000753","M000000043","2020-02-18","PUR","Visit crime."
"O000000754","M000000035","2020-09-11","SEL","Wide ago."
"O000000755","M000000048","2020-02-26","SEL","She security tough."
"O000000756","M000000005","2020-08-15","SEL","Save class practice full support actually."
"O000000757","M000000019","2020-01-11","PUR","Area fight catch ready dog."
"O000000758","M000000014","2020-02-12","PUR","Great gas surface rule into ahead article believe dinner herself."
"O000000759","M000000037","2020-02-11","SEL","Friend buy art development know."
"O000000760","M000000019","2020-07-23","SEL","True house produce be pressure left region manage among."
"O000000761","M000000010","2020-02-21","PUR","Door special history point marriage team save."
"O000000762","M000000019","2020-04-06","SEL","Teacher color."
"O000000763","M000000020","2020-03-30","PUR","Nice writer loss concern keep."
"O000000764","M000000027","2020-04-17","SEL","Attorney treat."
"O000000765","M000000015","2020-03-14","PUR","Do."
"O000000766","M000000033","2020-07-18","PUR","Time movie challenge report happy age marriage process name."
"O000000767","M000000047","2020-01-22","PUR","Worker truth suffer address."
"O000000768","M000000006","2020-11-12","PUR","Federal sense sort win glass bar."
"O000000769","M000000024","2020-02-03","PUR","Television against structure rise single."
"O000000770","M000000014","2020-09-26","PUR","Music full choose us because small."
"O000000771","M000000017","2020-10-04","SEL","List sound tell national billion dream nature threat."
"O000000772","M000000017","2020-05-01","PUR","Or region base pull stock possible life Democrat."
"O000000773","M000000038","2020-09-03","PUR","Simply memory business."
"O000000774","M000000044","2020-08-12","SEL","Property born pass central."
"O000000775","M000000044","2020-03-17","PUR","Weight college edge indicate than."
"O000000776","M000000002","2020-11-02","SEL","Begin situation common debate set."
"O000000777","M000000021","2020-04-08","SEL","Involve form house."
"O000000778","M000000029","2020-03-05","SEL","Work rate today image."
"O000000779","M000000015","2020-12-01","SEL","Budget six."
"O000000780","M000000032","2020-04-21","SEL","Network management involve."
"O000000781","M000000035","2020-10-04","SEL","Stand agency within sport center need because enough."
"O000000782","M000000005","2020-04-01","PUR","Building part expert."
"O000000783","M000000048","2020-03-20","PUR","Really knowledge others her total finish free officer husband increase."
"O000000784","M000000027","2020-04-07","SEL","Public environment."
"O000000785","M000000008","2020-03-15","SEL","Open skill."
"O000000786","M000000046","2020-06-15","PUR","Prove threat."
"O000000787","M000000007","2020-01-29","SEL","Soon she indicate central design available unit middle grow."
"O000000788","M000000038","2020-10-20","SEL","Rate particularly right."
"O000000789","M000000024","2020-07-13","SEL","Contain movie."
"O000000790","M000000008","2020-04-16","PUR","Eat very answer century."
"O000000791","M000000010","2020-02-14","PUR","Middle onto kid site front."
"O000000792","M000000041","2020-11-28","SEL","Yourself mission."
"O000000793","M000000041","2020-05-22","SEL","Skill suddenly positive participant score third policy."
"O000000794","M000000017","2020-01-10","PUR","Answer."
"O000000795","M000000035","2020-03-16","PUR","Item cultural positive rest well despite Mrs."
"O000000796","M000000035","2020-09-25","SEL","Baby news material down seem art they step question since both."
"O000000797","M000000003","2020-03-31","PUR","Trouble wide yourself hard data future."
"O000000798","M000000025","2020-09-09","PUR","Serious."
"O000000799","M000000044","2020-04-20","SEL","Floor show least area describe none writer team economy family partner accept."
"O000000800","M000000047","2020-12-04","SEL","Star."
"O000000801","M000000026","2020-07-19","PUR","Range man major arrive new approach in that."
"O000000802","M000000018","2020-01-19","PUR","Fund training world they machine whole conference election maintain item."
"O000000803","M000000029","2020-09-10","PUR","Open management program."
"O000000804","M000000028","2020-10-31","PUR","Country stay drive side when."
"O000000805","M000000016","2020-09-28","SEL","Summer."
"O000000806","M000000038","2020-01-28","PUR","Rate."
"O000000807","M000000026","2020-08-10","SEL","Everybody."
"O000000808","M000000045","2020-12-09","PUR","Apply above near own."
"O000000809","M000000023","2020-06-22","SEL","Hundred camera again."
"O000000810","M000000001","2020-12-01","SEL","Still image prepare build common Republican."
"O000000811","M000000007","2020-06-04","PUR","As involve Republican small eat gun truth his."
"O000000812","M000000021","2020-08-22","SEL","Room responsibility buy son general."
"O000000813","M000000026","2020-10-09","PUR","Walk."
"O000000814","M000000030","2020-01-20","PUR","In threat rather."
"O000000815","M000000048","2020-03-10","SEL","Bar require."
"O000000816","M000000007","2020-04-02","SEL","Response."
"O000000817","M000000046","2020-11-14","SEL","Course perhaps speak suddenly million morning blood any remain consider."
"O000000818","M000000036","2020-05-16","PUR","Change benefit low region."
"O000000819","M000000041","2020-07-16","PUR","Newspaper scene employee grow."
"O000000820","M000000043","2020-10-24","SEL","Town."
"O000000821","M000000015","2020-02-02","PUR","Term from."
"O000000822","M000000001","2020-06-12","SEL","Season public table."
"O000000823","M000000021","2020-11-16","PUR","Direction I serious loss prepare why head thing central create."
"O000000824","M000000042","2020-09-16","PUR","Security there."
"O000000825","M000000010","2020-04-20","SEL","Institution message."
"O000000826","M000000021","2020-04-07","SEL","Official my sister."
"O000000827","M000000010","2020-08-30","SEL","Simply."
"O000000828","M000000033","2020-02-23","PUR","Become forget attention food forget explain whose fill term."
"O000000829","M000000038","2020-01-06","PUR","Trial."
"O000000830","M000000034","2020-10-12","PUR","Generation."
"O000000831","M000000021","2020-02-28","SEL","Recognize dinner similar consider election fast new call hundred crime low long."
"O000000832","M000000007","2020-07-20","PUR","System or financial book former."
"O000000833","M000000025","2020-01-25","PUR","Per interview possible material weight difficult shoulder."
"O000000834","M000000009","2020-09-28","PUR","True understand decide couple."
"O000000835","M000000022","2020-01-01","PUR","Lay study why police dream position."
"O000000836","M000000048","2020-01-17","SEL","Class anything."
"O000000837","M000000025","2020-05-18","SEL","Board politics leader look throughout individual move."
"O000000838","M000000046","2020-11-01","PUR","Science then city."
"O000000839","M000000031","2020-08-19","PUR","Question."
"O000000840","M000000031","2020-03-21","SEL","Yard."
"O000000841","M000000005","2020-10-28","SEL","Individual special pick."
"O000000842","M000000042","2020-02-06","PUR","You model measure ten."
"O000000843","M000000021","2020-11-13","PUR","Opportunity discussion enter character career across."
"O000000844","M000000033","2020-08-11","SEL","Speech."
"O000000845","M000000047","2020-01-19","SEL","Face get wonder scientist clearly."
"O000000846","M000000012","2020-08-21","SEL","True appear left else week."
"O000000847","M000000042","2020-03-02","PUR","Within action test office nor have positive vote."
"O000000848","M000000046","2020-03-31","SEL","Prevent recently response challenge."
"O000000849","M000000011","2020-07-19","PUR","Financial he them visit message."
"O000000850","M000000013","2020-07-30","PUR","Word team area network young create."
"O000000851","M000000027","2020-11-13","PUR","Seat deep party successful early high chance."
"O000000852","M000000017","2020-12-09","PUR","Country tonight sport physical establish local surface true collection sit."
"O000000853","M000000033","2020-10-31","SEL","Music."
"O000000854","M000000031","2020-01-18","PUR","Method prove none leave around."
"O000000855","M000000044","2020-01-01","SEL","Smile test."
"O000000856","M000000037","2020-07-18","SEL","Buy you quality."
"O000000857","M000000014","2020-04-01","SEL","Floor bed."
"O000000858","M000000045","2020-06-19","PUR","Her environmental main."
"O000000859","M000000017","2020-09-12","SEL","Skill town."
"O000000860","M000000030","2020-02-17","PUR","Since cell street form."
"O000000861","M000000040","2020-09-19","PUR","So usually."
"O000000862","M000000007","2020-03-22","PUR","Every benefit although design will test."
"O000000863","M000000028","2020-08-06","PUR","Anyone fund."
"O000000864","M000000007","2020-04-13","PUR","Determine human send rich."
"O000000865","M000000019","2020-09-02","PUR","Plan head."
"O000000866","M000000002","2020-08-10","PUR","Leg class detail special light trial discover thank."
"O000000867","M000000049","2020-12-03","PUR","Note course color yeah example bar."
"O000000868","M000000044","2020-11-24","SEL","Fall house growth."
"O000000869","M000000039","2020-08-19","PUR","Officer move."
"O000000870","M000000034","2020-08-16","SEL","North usually as doctor very worry grow American."
"O000000871","M000000043","2020-08-18","SEL","Tax world night mention."
"O000000872","M000000039","2020-08-26","SEL","Sometimes hear one song world heavy into mission though."
"O000000873","M000000039","2020-05-31","PUR","Magazine."
"O000000874","M000000007","2020-03-17","SEL","Environmental business piece career allow."
"O000000875","M000000018","2020-01-20","SEL","Trip Congress this."
"O000000876","M000000022","2020-07-28","PUR","Personal."
"O000000877","M000000005","2020-02-23","SEL","Not specific table seek western strong start hope general."
"O000000878","M000000009","2020-02-07","PUR","Million leg which often moment rate."
"O000000879","M000000012","2020-09-10","SEL","Issue peace gas enter point yet stay bar future recent."
"O000000880","M000000002","2020-10-23","PUR","Like heavy yeah."
"O000000881","M000000032","2020-05-14","PUR","Baby."
"O000000882","M000000025","2020-05-31","PUR","Along."
"O000000883","M000000031","2020-04-24","SEL","Other which."
"O000000884","M000000035","2020-06-25","SEL","State few require."
"O000000885","M000000018","2020-07-20","SEL","Old improve."
"O000000886","M000000041","2020-05-23","PUR","Early doctor condition ask fear."
"O000000887","M000000027","2020-03-15","PUR","Yourself bit."
"O000000888","M000000028","2020-07-05","PUR","Interest produce gun week bag kitchen term opportunity still drop would western."
"O000000889","M000000039","2020-03-20","PUR","Consumer voice look."
"O000000890","M000000006","2020-02-02","SEL","Staff laugh."
"O000000891","M000000028","2020-11-11","PUR","Writer gas raise point young machine quite."
"O000000892","M000000013","2020-08-19","SEL","Age white design own service far."
"O000000893","M000000043","2020-11-28","PUR","Sure house."
"O000000894","M000000048","2020-08-29","PUR","Office commercial tax."
"O000000895","M000000018","2020-07-06","SEL","Social later state."
"O000000896","M000000002","2020-04-15","SEL","Must commercial along lose economic music long."
"O000000897","M000000027","2020-07-13","PUR","Start matter dinner half prepare against garden price building prepare."
"O000000898","M000000024","2020-01-29","SEL","Risk."
"O000000899","M000000025","2020-07-01","SEL","Relationship hear however decide fast laugh difficult."
"O000000900","M000000020","2020-03-24","PUR","Season suggest into challenge success how onto south agency performance action."
"O000000901","M000000012","2020-12-02","SEL","Plan maybe."
"O000000902","M000000031","2020-04-17","PUR","Still daughter southern itself."
"O000000903","M000000046","2020-01-15","PUR","Above loss."
"O000000904","M000000044","2020-04-24","PUR","Local consumer eight develop place since."
"O000000905","M000000007","2020-04-10","PUR","Knowledge newspaper hear hair final drive teacher news father voice social."
"O000000906","M000000001","2020-12-04","SEL","Point standard her already."
"O000000907","M000000022","2020-04-24","SEL","Marriage moment level."
"O000000908","M000000046","2020-03-06","SEL","Least."
"O000000909","M000000017","2020-08-14","PUR","Quickly approach."
"O000000910","M000000028","2020-05-23","SEL","Peace land avoid parent kid black later different quite."
"O000000911","M000000016","2020-05-19","PUR","Vote control center scientist thousand the."
"O000000912","M000000020","2020-11-29","PUR","Carry environment plan management respond support focus data sound."
"O000000913","M000000025","2020-08-17","SEL","Attack traditional truth summer woman help despite."
"O000000914","M000000031","2020-10-27","SEL","Plant still most."
"O000000915","M000000032","2020-04-03","SEL","Question black senior defense Democrat get call painting husband."
"O000000916","M000000006","2020-05-31","PUR","Play myself glass reduce."
"O000000917","M000000041","2020-06-02","PUR","Personal address action half around property easy outside name."
"O000000918","M000000049","2020-06-08","PUR","Imagine."
"O000000919","M000000014","2020-05-14","SEL","Financial."
"O000000920","M000000008","2020-05-07","SEL","Fill."
"O000000921","M000000034","2020-06-10","SEL","Place."
"O000000922","M000000041","2020-02-14","PUR","Lot common exist interesting."
"O000000923","M000000024","2020-09-22","SEL","Edge appear media news."
"O000000924","M000000001","2020-06-10","PUR","Message lay administration."
"O000000925","M000000047","2020-03-30","SEL","Culture space piece."
"O000000926","M000000041","2020-07-06","SEL","Responsibility really bring evidence nor camera eight."
"O000000927","M000000035","2020-06-30","PUR","Machine."
"O000000928","M000000001","2020-01-05","SEL","Goal national mother condition film."
"O000000929","M000000041","2020-11-14","SEL","Better safe group professional ok at effort fall political few throw."
"O000000930","M000000019","2020-01-03","SEL","Similar travel mean still."
"O000000931","M000000005","2020-04-25","SEL","Theory draw politics enter along arm."
"O000000932","M000000001","2020-05-26","PUR","Option economy occur who few else maintain."
"O000000933","M000000002","2020-03-16","SEL","Over interview care degree finish professional."
"O000000934","M000000009","2020-07-30","PUR","Trouble."
"O000000935","M000000028","2020-06-16","SEL","Shake."
"O000000936","M000000026","2020-03-31","SEL","Official."
"O000000937","M000000004","2020-07-03","PUR","Then shoulder something look say fish hundred focus successful."
"O000000938","M000000002","2020-07-06","SEL","Song."
"O000000939","M000000002","2020-08-19","PUR","Stock."
"O000000940","M000000012","2020-07-08","SEL","Usually charge."
"O000000941","M000000034","2020-02-22","PUR","Want president read usually challenge believe training."
"O000000942","M000000018","2020-06-08","SEL","Key because action wide short executive clearly also."
"O000000943","M000000014","2020-10-26","SEL","Particular note six."
"O000000944","M000000046","2020-10-08","PUR","Group central."
"O000000945","M000000026","2020-11-02","PUR","Agree glass kitchen popular student age."
"O000000946","M000000034","2020-04-18","PUR","Give source perform."
"O000000947","M000000008","2020-06-15","SEL","Painting hair price after on very."
"O000000948","M000000034","2020-02-04","SEL","Believe wish commercial artist catch talk condition early."
"O000000949","M000000049","2020-07-17","SEL","Land young coach."
"O000000950","M000000035","2020-05-14","PUR","Moment."
"O000000951","M000000039","2020-06-30","PUR","Actually design remain wide able."
"O000000952","M000000022","2020-11-30","PUR","Play eight lead author sort station real."
"O000000953","M000000018","2020-03-25","PUR","Them we deal those fight."
"O000000954","M000000017","2020-03-07","PUR","Free wish."
"O000000955","M000000020","2020-01-29","SEL","Nearly people."
"O000000956","M000000011","2020-01-15","SEL","More these."
"O000000957","M000000039","2020-02-06","SEL","Bed bar sometimes."
"O000000958","M000000027","2020-11-21","SEL","Ahead can."
"O000000959","M000000046","2020-09-04","SEL","Country always yourself not staff ground positive president pass."
"O000000960","M000000029","2020-03-02","PUR","History life write per brother."
"O000000961","M000000031","2020-05-08","SEL","Court."
"O000000962","M000000001","2020-08-19","PUR","Threat whether alone PM citizen establish water condition later look."
"O000000963","M000000039","2020-06-20","PUR","Relate their understand soldier party attack have."
"O000000964","M000000030","2020-03-09","PUR","Several."
"O000000965","M000000041","2020-03-30","SEL","Need."
"O000000966","M000000036","2020-01-22","PUR","Couple."
"O000000967","M000000007","2020-09-15","PUR","Positive worry commercial like simple."
"O000000968","M000000008","2020-06-02","PUR","Best it choose technology according hold turn something."
"O000000969","M000000024","2020-07-07","PUR","Also read ok sense subject hope interview smile decide."
"O000000970","M000000013","2020-08-22","SEL","Talk."
"O000000971","M000000034","2020-03-23","PUR","Do law treat north."
"O000000972","M000000029","2020-11-12","PUR","Catch can law."
"O000000973","M000000028","2020-11-06","SEL","Method stock."
"O000000974","M000000014","2020-11-08","SEL","How true fly."
"O000000975","M000000020","2020-07-04","PUR","Fly other policy."
"O000000976","M000000020","2020-11-26","PUR","Amount beat second."
"O000000977","M000000042","2020-04-25","SEL","Others thus."
"O000000978","M000000033","2020-06-12","PUR","Prove together house."
"O000000979","M000000035","2020-02-29","PUR","Operation easy cell brother government spring born."
"O000000980","M000000022","2020-02-23","PUR","None think strategy degree serve drive apply."
"O000000981","M000000048","2020-09-15","SEL","Arm receive."
"O000000982","M000000010","2020-09-01","PUR","Down manage professor too material."
"O000000983","M000000047","2020-08-10","PUR","Office feel require appear hear real."
"O000000984","M000000008","2020-05-25","PUR","Analysis itself return science."
"O000000985","M000000015","2020-04-11","PUR","Dark."
"O000000986","M000000024","2020-08-27","SEL","Tonight interview ok kind medical scene."
"O000000987","M000000031","2020-09-13","PUR","Year special simply newspaper few address."
"O000000988","M000000048","2020-11-15","SEL","Less thought administration research box become."
"O000000989","M000000004","2020-10-25","PUR","North sign whose pick."
"O000000990","M000000022","2020-01-17","PUR","Walk Mrs institution."
"O000000991","M000000027","2020-10-21","SEL","Foot scientist."
"O000000992","M000000004","2020-02-03","SEL","Focus action."
"O000000993","M000000037","2020-05-15","SEL","Pretty choose much become area book character."
"O000000994","M000000022","2020-07-05","PUR","Of."
"O000000995","M000000022","2020-09-28","PUR","Avoid gun."
"O000000996","M000000026","2020-08-02","PUR","So."
"O000000997","M000000026","2020-11-09","SEL","Act well ready realize."
"O000000998","M000000042","2020-07-30","PUR","Others green."
"O000000999","M000000025","2020-10-28","PUR","Media voice traditional guess nothing produce amount."
